from_gene	to_gene	combined_score
CRX	TULP1	717
KCNQ1	KCNJ13	860
TULP1	KCNJ13	479
CEP41	B9D2	618
ASNS	GOT2	961
CPSF3	THOC2	723
BMP4	MYOD1	559
CRX	GUCY2D	806
TULP1	GUCY2D	745
KCNJ13	GUCY2D	411
FIG4	PI4KA	538
SOX4	KRAS	437
RAP1B	KRAS	670
PI4KA	KRAS	409
CEP41	TMEM231	666
B9D2	TMEM231	991
VPS4A	TUBB2B	670
CEP41	IFT172	466
B9D2	IFT172	595
ATP6V1E1	IFT172	656
TMEM231	IFT172	469
B9D2	ARL3	403
FKTN	RXYLT1	908
CEP41	B9D1	656
B9D2	B9D1	988
TMEM231	B9D1	991
IFT172	B9D1	585
ARL3	B9D1	422
FKTN	POMT2	950
RXYLT1	POMT2	885
CEP41	KATNIP	522
TMEM231	KATNIP	434
IFT172	KATNIP	426
B9D1	KATNIP	404
THOC2	KPNA3	423
CEP41	CSPP1	778
B9D2	CSPP1	626
TMEM231	CSPP1	731
IFT172	CSPP1	547
B9D1	CSPP1	664
KATNIP	CSPP1	599
CRX	RPE65	752
TULP1	RPE65	760
KCNJ13	RPE65	457
GUCY2D	RPE65	804
DPH2	DPH1	998
H3-3A	SMARCB1	526
KRAS	SMARCB1	431
SOX4	FOSL2	457
IFT172	EVC	469
H3-3A	SMARCC2	833
SMARCB1	SMARCC2	999
POMT2	PMM2	468
SRD5A3	PMM2	649
SMARCB1	POGZ	439
ATP6V1E1	ATP6V1A	999
ATP6V1E1	ATP6V1B2	999
ATP6V1A	ATP6V1B2	999
PIGU	PGAP2	462
SMG9	HMBS	416
CEP41	TMEM138	803
B9D2	TMEM138	741
TMEM231	TMEM138	882
IFT172	TMEM138	502
B9D1	TMEM138	804
KATNIP	TMEM138	536
CSPP1	TMEM138	734
B9D2	CEP164	537
TMEM231	CEP164	558
IFT172	CEP164	424
ARL3	CEP164	437
B9D1	CEP164	588
CSPP1	CEP164	467
EXOC2	VPS51	430
BMP4	ZIC1	479
TRIP13	TSEN2	869
WARS2	TSEN2	450
KCNJ13	CSF1R	520
KRAS	CSF1R	450
SMARCB1	CSF1R	473
CEP164	SASS6	730
TRIP13	BUB1B	953
CEP41	PDE6D	584
B9D2	PDE6D	438
GUCY2D	PDE6D	744
KRAS	PDE6D	897
TMEM231	PDE6D	545
ARL3	PDE6D	991
B9D1	PDE6D	504
CSPP1	PDE6D	741
TMEM138	PDE6D	547
CEP164	PDE6D	645
ZIC1	DPYSL5	408
TAF4	MED11	697
LAMB1	RAPSN	909
CRX	COG1	406
PMM2	COG1	503
VPS51	COG1	881
VPS4A	TUBA1A	700
TUBB2B	TUBA1A	986
ATP6V1B2	TUBA1A	403
TRIP13	BUB1	878
TAF4	BUB1	476
SASS6	BUB1	448
BUB1B	BUB1	998
CEP41	CEP120	453
B9D2	CEP120	420
TMEM231	CEP120	435
IFT172	CEP120	557
B9D1	CEP120	435
CSPP1	CEP120	677
TMEM138	CEP120	510
CEP164	CEP120	735
SASS6	CEP120	728
CEP41	TCTN2	703
B9D2	TCTN2	962
TMEM231	TCTN2	973
IFT172	TCTN2	422
B9D1	TCTN2	970
KATNIP	TCTN2	424
CSPP1	TCTN2	670
TMEM138	TCTN2	808
CEP164	TCTN2	519
PDE6D	TCTN2	486
CEP120	TCTN2	404
EXOC2	COG8	635
PMM2	COG8	540
VPS51	COG8	920
COG1	COG8	999
KRAS	ITPR1	511
ATP2B3	ITPR1	533
LETM1	ITPR1	425
BUB1B	ESCO2	840
BUB1	ESCO2	801
RXYLT1	PLG	642
ASNS	GMPPB	584
FKTN	GMPPB	806
RXYLT1	GMPPB	840
POMT2	GMPPB	848
PMM2	GMPPB	968
ATP6V1B2	GMPPB	500
RAPSN	GMPPB	452
FKTN	B4GAT1	780
RXYLT1	B4GAT1	984
POMT2	B4GAT1	776
GMPPB	B4GAT1	634
CRX	IQCB1	520
TULP1	IQCB1	655
KCNJ13	IQCB1	514
B9D2	IQCB1	684
GUCY2D	IQCB1	625
TMEM231	IQCB1	633
IFT172	IQCB1	463
ARL3	IQCB1	519
B9D1	IQCB1	628
RPE65	IQCB1	620
TMEM138	IQCB1	458
CEP164	IQCB1	527
PDE6D	IQCB1	541
TCTN2	IQCB1	621
B9D2	IFT80	524
IFT172	IFT80	911
B9D1	IFT80	450
CSPP1	IFT80	422
EVC	IFT80	518
CEP120	IFT80	581
TCTN2	IFT80	414
IQCB1	IFT80	431
CEP41	NPHP1	576
B9D2	NPHP1	871
TMEM231	NPHP1	874
IFT172	NPHP1	521
ARL3	NPHP1	481
B9D1	NPHP1	879
KATNIP	NPHP1	406
CSPP1	NPHP1	642
TMEM138	NPHP1	845
CEP164	NPHP1	746
BUB1	NPHP1	407
CEP120	NPHP1	403
TCTN2	NPHP1	776
IQCB1	NPHP1	819
IFT80	NPHP1	412
TRIP13	PRKDC	542
PI4KA	PRKDC	424
KRAS	PRKDC	409
B9D2	TMEM107	879
TMEM231	TMEM107	926
B9D1	TMEM107	901
TMEM138	TMEM107	568
TCTN2	TMEM107	944
NPHP1	TMEM107	472
IFT172	WDR35	939
B9D1	WDR35	498
EVC	WDR35	561
CEP120	WDR35	475
IFT80	WDR35	968
THOC2	USP9X	588
IQCB1	USP9X	544
PPP1R21	PIBF1	640
CEP120	PIBF1	441
TRIP13	CEP57	536
CEP164	CEP57	430
SASS6	CEP57	423
BUB1B	CEP57	715
VPS35L	WASHC5	630
KRAS	TUBB3	440
TUBB2B	TUBB3	496
TUBA1A	TUBB3	993
H3-3A	ARID1A	835
KRAS	ARID1A	772
SMARCB1	ARID1A	999
SMARCC2	ARID1A	999
ZIC1	SOX11	515
H3-3A	SMARCE1	821
SMARCB1	SMARCE1	999
SMARCC2	SMARCE1	999
ARID1A	SMARCE1	999
SMARCC2	MRE11	526
PRKDC	MRE11	908
FKTN	FKRP	992
RXYLT1	FKRP	986
POMT2	FKRP	911
GMPPB	FKRP	754
B4GAT1	FKRP	787
TRIP13	TSEN54	837
HMBS	TSEN54	568
TSEN2	TSEN54	999
ARID1A	RBM10	562
FKTN	POMK	985
RXYLT1	POMK	934
POMT2	POMK	883
GMPPB	POMK	858
B4GAT1	POMK	855
PRKDC	POMK	547
FKRP	POMK	823
ATP6V1E1	ATP6V0A2	977
SRD5A3	ATP6V0A2	406
PMM2	ATP6V0A2	605
ATP6V1A	ATP6V0A2	987
ATP6V1B2	ATP6V0A2	981
EXOC2	RAB11B	678
DENND5A	RAB11B	424
CEP41	C2CD3	466
B9D2	C2CD3	504
TMEM231	C2CD3	603
IFT172	C2CD3	611
B9D1	C2CD3	519
CSPP1	C2CD3	561
EVC	C2CD3	436
TMEM138	C2CD3	601
CEP164	C2CD3	703
PDE6D	C2CD3	434
CEP120	C2CD3	728
TCTN2	C2CD3	467
NPHP1	C2CD3	537
KRAS	ARID2	520
SMARCB1	ARID2	997
SMARCC2	ARID2	995
ARID1A	ARID2	606
SMARCE1	ARID2	997
TRIP13	KNL1	460
SASS6	KNL1	465
BUB1B	KNL1	999
BUB1	KNL1	999
ESCO2	KNL1	515
H3-3A	CCDC32	948
POGZ	CCDC32	820
CRX	LRAT	681
TULP1	LRAT	737
FLVCR2	LRAT	645
GUCY2D	LRAT	686
RPE65	LRAT	987
IQCB1	LRAT	556
SEMA3E	RERE	432
CEP41	NPHP3	507
B9D2	NPHP3	737
TMEM231	NPHP3	732
IFT172	NPHP3	530
ARL3	NPHP3	883
B9D1	NPHP3	736
TMEM138	NPHP3	426
CEP164	NPHP3	850
PDE6D	NPHP3	459
TCTN2	NPHP3	695
IQCB1	NPHP3	806
IFT80	NPHP3	537
NPHP1	NPHP3	883
BUB1B	TUBB	587
TUBA1A	TUBB	973
NPHP1	TUBB	550
NPHP3	TUBB	447
BMP4	MEF2C	559
MYOD1	MEF2C	991
ARID1A	MEF2C	467
VPS4A	TUBB4B	664
ATP6V1B2	TUBB4B	433
TUBA1A	TUBB4B	968
TUBB	TUBB4B	981
B9D2	EVC2	423
IFT172	EVC2	566
B9D1	EVC2	405
EVC	EVC2	993
TMEM138	EVC2	442
GDF6	EVC2	416
CEP120	EVC2	470
IFT80	EVC2	611
WDR35	EVC2	690
TRIP13	ATR	709
CEP164	ATR	926
BUB1B	ATR	425
BUB1	ATR	534
ESCO2	ATR	413
PRKDC	ATR	481
MRE11	ATR	985
FKTN	POMGNT2	884
RXYLT1	POMGNT2	943
POMT2	POMGNT2	988
GMPPB	POMGNT2	833
B4GAT1	POMGNT2	820
FKRP	POMGNT2	843
POMK	POMGNT2	943
CEP41	OFD1	534
TULP1	OFD1	721
B9D2	OFD1	544
TMEM231	OFD1	683
IFT172	OFD1	684
B9D1	OFD1	567
CSPP1	OFD1	783
TMEM138	OFD1	611
CEP164	OFD1	688
SASS6	OFD1	413
CEP120	OFD1	513
TCTN2	OFD1	619
IQCB1	OFD1	619
IFT80	OFD1	514
NPHP1	OFD1	700
PIBF1	OFD1	815
C2CD3	OFD1	891
NPHP3	OFD1	547
RAPSN	DOK7	913
GMPPB	DOK7	518
KRAS	ARID1B	508
SMARCB1	ARID1B	998
SMARCC2	ARID1B	998
POGZ	ARID1B	573
ARID1A	ARID1B	988
SMARCE1	ARID1B	997
ARID2	ARID1B	529
CRX	IMPDH1	702
TULP1	IMPDH1	704
KCNJ13	IMPDH1	469
GUCY2D	IMPDH1	675
RPE65	IMPDH1	653
POLR1A	IMPDH1	650
IQCB1	IMPDH1	570
LRAT	IMPDH1	681
KRAS	PLCH1	419
RAB11B	TBC1D20	415
CEP41	KIAA0586	466
B9D2	KIAA0586	441
TMEM231	KIAA0586	492
IFT172	KIAA0586	603
B9D1	KIAA0586	518
KATNIP	KIAA0586	433
CSPP1	KIAA0586	718
EVC	KIAA0586	520
TMEM138	KIAA0586	528
CEP164	KIAA0586	568
CEP120	KIAA0586	903
TCTN2	KIAA0586	529
IFT80	KIAA0586	543
NPHP1	KIAA0586	459
WDR35	KIAA0586	509
C2CD3	KIAA0586	823
EVC2	KIAA0586	509
OFD1	KIAA0586	686
PIGU	PGAP1	964
PGAP2	PGAP1	762
B9D1	WLS	627
FKTN	LARGE1	751
RXYLT1	LARGE1	662
POMT2	LARGE1	750
GMPPB	LARGE1	470
B4GAT1	LARGE1	938
FKRP	LARGE1	760
POMK	LARGE1	691
POMGNT2	LARGE1	615
ALX4	OPHN1	438
LAMB1	RAC1	901
EXOC2	RAC1	943
RAP1B	RAC1	492
KRAS	RAC1	940
PDE6D	RAC1	403
OPHN1	RAC1	718
TUBB2B	DYNC1H1	979
TUBA1A	DYNC1H1	978
TUBB3	DYNC1H1	875
TUBB	DYNC1H1	868
TUBB4B	DYNC1H1	834
TAF4	ATN1	524
ITPR1	ATN1	656
PACS1	ATN1	449
RERE	ATN1	510
THOC2	HNRNPH1	637
TAF4	HNRNPH1	523
DYNC1H1	BICD2	989
LNPK	FRMD4A	420
ATP9A	FRMD4A	485
PIGU	PIGN	460
PGAP2	PIGN	784
PGAP1	PIGN	776
B9D2	TXNDC15	450
DPH1	TXNDC15	620
PIGN	TXNDC15	487
TBC1D24	RAB3GAP2	422
FKRP	RAB3GAP2	407
TBC1D20	RAB3GAP2	748
DYNC1H1	RAB3GAP2	917
BICD2	RAB3GAP2	912
TAF4	TRRAP	982
SMARCB1	TRRAP	456
PRKDC	TRRAP	527
ARID1A	TRRAP	482
MRE11	TRRAP	484
ARID2	TRRAP	511
ATR	TRRAP	411
OFD1	TRRAP	639
DYNC1H1	TRRAP	485
CRX	TOPORS	528
TULP1	TOPORS	518
RPE65	TOPORS	459
LRAT	TOPORS	467
IMPDH1	TOPORS	612
RAPSN	MACF1	939
DPYSL5	CNTNAP2	780
ITPR1	CNTNAP2	635
OPHN1	CNTNAP2	461
FRMD4A	CNTNAP2	411
EXOC2	ARHGEF2	944
TUBB2B	ARHGEF2	803
TUBA1A	ARHGEF2	811
TUBB3	ARHGEF2	809
TUBB	ARHGEF2	809
TUBB4B	ARHGEF2	809
RAC1	ARHGEF2	970
PI4KA	KIF21A	426
TUBB2B	KIF21A	637
BUB1B	KIF21A	453
BUB1	KIF21A	468
PPFIBP1	KIF21A	817
TUBB3	KIF21A	808
TUBB4B	KIF21A	418
DYNC1H1	KIF21A	437
ATP2B3	GRM1	446
DPYSL5	GRM1	539
ITPR1	GRM1	867
CNTNAP2	GRM1	591
CEP120	KIAA0753	498
PIBF1	KIAA0753	755
OFD1	KIAA0753	910
KIAA0586	KIAA0753	492
TRIP13	TSEN15	576
TSEN2	TSEN15	998
GTPBP2	TSEN15	424
TSEN54	TSEN15	999
FKTN	B3GALNT2	833
RXYLT1	B3GALNT2	897
POMT2	B3GALNT2	846
GMPPB	B3GALNT2	825
B4GAT1	B3GALNT2	853
FKRP	B3GALNT2	839
POMK	B3GALNT2	993
POMGNT2	B3GALNT2	996
LARGE1	B3GALNT2	661
TRIP13	CENPF	844
CEP164	CENPF	582
BUB1B	CENPF	997
BUB1	CENPF	998
ESCO2	CENPF	574
KNL1	CENPF	864
BICD2	CENPF	834
CRX	RD3	596
TULP1	RD3	734
KCNJ13	RD3	501
GUCY2D	RD3	916
RPE65	RD3	686
IQCB1	RD3	676
LRAT	RD3	634
IMPDH1	RD3	649
TUBB	SYT2	433
DOK7	SYT2	459
TRIP13	KIF14	868
BUB1B	KIF14	878
BUB1	KIF14	902
ESCO2	KIF14	427
KNL1	KIF14	659
RAC1	KIF14	622
BICD2	KIF14	424
CENPF	KIF14	926
CRX	CRB1	754
TULP1	CRB1	816
KCNJ13	CRB1	461
GUCY2D	CRB1	827
RPE65	CRB1	811
IQCB1	CRB1	610
LRAT	CRB1	717
IMPDH1	CRB1	688
TOPORS	CRB1	471
RD3	CRB1	703
CEP41	AHI1	642
TULP1	AHI1	400
B9D2	AHI1	955
TMEM231	AHI1	930
IFT172	AHI1	548
ARL3	AHI1	466
B9D1	AHI1	966
KATNIP	AHI1	474
CSPP1	AHI1	707
TMEM138	AHI1	622
CEP164	AHI1	531
PDE6D	AHI1	587
TCTN2	AHI1	945
IQCB1	AHI1	723
NPHP1	AHI1	977
TMEM107	AHI1	824
C2CD3	AHI1	468
NPHP3	AHI1	761
OFD1	AHI1	702
KIAA0586	AHI1	531
TRIP13	BUB3	798
BUB1B	BUB3	999
TUBA1A	BUB3	480
BUB1	BUB3	999
CEP57	BUB3	419
KNL1	BUB3	992
ATR	BUB3	478
DYNC1H1	BUB3	430
HNRNPH1	BUB3	458
CENPF	BUB3	611
KIF14	BUB3	494
USP45	PRDM13	421
ASNS	PHGDH	823
WARS2	PHGDH	645
GOT2	PHGDH	768
KPNA3	PHGDH	651
PRKDC	PHGDH	411
RAP1B	NRAS	670
VPS4A	NRAS	533
KRAS	NRAS	984
ARID1A	NRAS	438
ARID2	NRAS	497
PLCH1	NRAS	430
RAC1	NRAS	935
TRIP13	RARS2	529
WARS2	RARS2	839
POLR1A	RARS2	566
TSEN2	RARS2	797
TSEN54	RARS2	859
TSEN15	RARS2	453
IFT172	SUFU	981
SMARCB1	SUFU	459
EVC	SUFU	955
EVC2	SUFU	952
OFD1	SUFU	911
KIAA0586	SUFU	401
LAMB1	L1CAM	637
DPH2	DPH5	982
DPH1	DPH5	984
USP45	DPH5	417
FIG4	MTM1	967
PI4KA	MTM1	767
DOK7	MTM1	400
BMP4	GPC4	527
LARGE1	GPC4	474
RBM10	RNF113A	477
GOT2	CPT2	469
FIG4	INPP5E	530
PI4KA	INPP5E	763
ARL3	INPP5E	515
CEP164	INPP5E	570
PDE6D	INPP5E	930
PLCH1	INPP5E	826
AHI1	INPP5E	463
FIG4	PTEN	459
GOT2	PTEN	564
BMP4	PTEN	431
MAST1	PTEN	643
H3-3A	PTEN	441
PI4KA	PTEN	928
KRAS	PTEN	921
SMARCB1	PTEN	570
CSF1R	PTEN	473
ITPR1	PTEN	741
PRKDC	PTEN	498
TUBB3	PTEN	513
ARID1A	PTEN	774
MRE11	PTEN	816
EIF4A2	PTEN	430
ARID2	PTEN	479
ARID1B	PTEN	582
PLCH1	PTEN	662
RAC1	PTEN	507
NRAS	PTEN	841
INPP5E	PTEN	918
FKTN	POMGNT1	974
RXYLT1	POMGNT1	924
POMT2	POMGNT1	995
GMPPB	POMGNT1	793
B4GAT1	POMGNT1	780
FKRP	POMGNT1	899
POMK	POMGNT1	890
POMGNT2	POMGNT1	989
LARGE1	POMGNT1	714
B3GALNT2	POMGNT1	883
FKTN	POMT1	956
RXYLT1	POMT1	891
POMT2	POMT1	905
GMPPB	POMT1	840
B4GAT1	POMT1	812
FKRP	POMT1	915
POMK	POMT1	918
POMGNT2	POMT1	993
LARGE1	POMT1	727
B3GALNT2	POMT1	886
POMGNT1	POMT1	995
POLR1A	POLR3A	986
IFT172	DYNC2I2	882
CSPP1	DYNC2I2	521
EVC	DYNC2I2	552
CEP120	DYNC2I2	633
IFT80	DYNC2I2	871
WDR35	DYNC2I2	894
EVC2	DYNC2I2	615
OFD1	DYNC2I2	458
KIAA0586	DYNC2I2	613
DYNC1H1	DYNC2I2	901
CNTNAP2	SRPX2	560
SYT2	SLC18A3	583
RAPSN	MUSK	999
DOK7	MUSK	997
RAC1	MUSK	914
CNTNAP2	MUSK	454
SYT2	MUSK	426
MTM1	MUSK	542
THOC2	HNRNPR	535
TAF4	HNRNPR	424
CCDC32	HNRNPR	447
HNRNPH1	HNRNPR	996
KRAS	ASXL1	520
ASXL3	ASXL1	683
ARID1A	ASXL1	435
ARID2	ASXL1	420
NRAS	ASXL1	738
MPL	ASXL1	517
LAMB1	COL4A1	755
BMP4	COL4A1	586
VPS35L	CCDC22	981
VPS51	CCDC22	513
WASHC5	CCDC22	645
KRAS	PTF1A	558
PRDM13	PTF1A	515
ASNS	PSAT1	821
GOT2	PSAT1	446
RAC1	PSAT1	516
PHGDH	PSAT1	999
CRX	NMNAT1	405
TULP1	NMNAT1	533
KCNJ13	NMNAT1	459
GUCY2D	NMNAT1	569
RPE65	NMNAT1	474
PCYT1A	NMNAT1	505
IQCB1	NMNAT1	566
LRAT	NMNAT1	414
RERE	NMNAT1	437
IMPDH1	NMNAT1	479
RD3	NMNAT1	500
CRB1	NMNAT1	527
POLR1A	NSUN6	758
POLR3A	NSUN6	451
TMEM231	CEP104	410
B9D1	CEP104	456
KATNIP	CEP104	685
CSPP1	CEP104	692
TMEM138	CEP104	465
CEP164	CEP104	516
PDE6D	CEP104	497
C2CD3	CEP104	412
OFD1	CEP104	489
KIAA0586	CEP104	421
TOGARAM1	CEP104	439
AHI1	CEP104	449
KRAS	BCOR	418
ARID1A	BCOR	511
NRAS	BCOR	506
ASXL1	BCOR	720
BMP4	TFAP2A	597
ZIC1	TFAP2A	605
COG8	B4GALT1	451
POMGNT1	B4GALT1	925
BMP4	MAB21L1	412
BUB3	MAB21L1	541
CEP41	RPGRIP1L	595
TULP1	RPGRIP1L	434
B9D2	RPGRIP1L	814
GUCY2D	RPGRIP1L	434
TMEM231	RPGRIP1L	877
IFT172	RPGRIP1L	651
ARL3	RPGRIP1L	595
B9D1	RPGRIP1L	865
CSPP1	RPGRIP1L	809
EVC	RPGRIP1L	503
TMEM138	RPGRIP1L	742
CEP164	RPGRIP1L	607
PDE6D	RPGRIP1L	536
TCTN2	RPGRIP1L	827
IQCB1	RPGRIP1L	841
IFT80	RPGRIP1L	513
NPHP1	RPGRIP1L	988
TMEM107	RPGRIP1L	689
WDR35	RPGRIP1L	414
C2CD3	RPGRIP1L	528
LRAT	RPGRIP1L	433
NPHP3	RPGRIP1L	835
EVC2	RPGRIP1L	418
OFD1	RPGRIP1L	715
KIAA0586	RPGRIP1L	543
AHI1	RPGRIP1L	929
SUFU	RPGRIP1L	923
CEP104	RPGRIP1L	410
VPS4A	TUBB2A	655
TUBB2B	TUBB2A	902
TUBA1A	TUBB2A	998
NPHP1	TUBB2A	515
NPHP3	TUBB2A	447
TUBB	TUBB2A	880
TUBB4B	TUBB2A	881
DYNC1H1	TUBB2A	878
ARHGEF2	TUBB2A	803
KIF21A	TUBB2A	500
SYT2	TUBB2A	434
BMP4	FOXC1	526
ZIC1	FOXC1	423
MEF2C	FOXC1	437
TFAP2A	FOXC1	490
CRX	AIPL1	812
TULP1	AIPL1	825
KCNJ13	AIPL1	491
GUCY2D	AIPL1	874
RPE65	AIPL1	808
IQCB1	AIPL1	667
NPHP1	AIPL1	430
LRAT	AIPL1	710
IMPDH1	AIPL1	689
TOPORS	AIPL1	457
RD3	AIPL1	720
CRB1	AIPL1	847
NMNAT1	AIPL1	591
RPGRIP1L	AIPL1	436
TUBA1A	VLDLR	479
TRIP13	SEPSECS	435
TSEN2	SEPSECS	590
TSEN54	SEPSECS	561
RARS2	SEPSECS	484
TBC1D24	SACS	476
KCNQ1	GJB2	515
GJB6	GJB2	661
EXOC2	TRAPPC9	453
RAB11B	TRAPPC9	773
LAMB1	LAMA1	953
RAPSN	LAMA1	900
RAC1	LAMA1	904
L1CAM	LAMA1	608
COL4A1	LAMA1	564
TRIP13	EXOSC8	401
CRX	LCA5	681
TULP1	LCA5	772
KCNJ13	LCA5	501
B9D2	LCA5	530
GUCY2D	LCA5	740
RPE65	LCA5	690
CEP164	LCA5	589
IQCB1	LCA5	720
NPHP1	LCA5	548
LRAT	LCA5	686
NPHP3	LCA5	408
OFD1	LCA5	898
IMPDH1	LCA5	690
TOPORS	LCA5	500
RD3	LCA5	802
CRB1	LCA5	757
AHI1	LCA5	479
NMNAT1	LCA5	544
RPGRIP1L	LCA5	572
AIPL1	LCA5	783
CEP41	MKS1	561
B9D2	MKS1	933
TMEM231	MKS1	957
IFT172	MKS1	617
ARL3	MKS1	454
B9D1	MKS1	945
CSPP1	MKS1	741
TMEM138	MKS1	685
CEP164	MKS1	586
PDE6D	MKS1	433
CEP120	MKS1	411
TCTN2	MKS1	957
IQCB1	MKS1	680
IFT80	MKS1	536
NPHP1	MKS1	878
TMEM107	MKS1	920
WDR35	MKS1	463
C2CD3	MKS1	517
NPHP3	MKS1	756
OFD1	MKS1	757
KIAA0586	MKS1	552
AHI1	MKS1	952
SUFU	MKS1	908
CEP104	MKS1	414
RPGRIP1L	MKS1	798
LCA5	MKS1	464
CRX	SPATA7	654
TULP1	SPATA7	785
KCNJ13	SPATA7	511
GUCY2D	SPATA7	703
RPE65	SPATA7	693
IQCB1	SPATA7	734
NPHP1	SPATA7	492
PIBF1	SPATA7	423
LRAT	SPATA7	725
IMPDH1	SPATA7	706
TOPORS	SPATA7	478
RD3	SPATA7	793
CRB1	SPATA7	752
AHI1	SPATA7	706
NMNAT1	SPATA7	566
RPGRIP1L	SPATA7	569
AIPL1	SPATA7	756
LCA5	SPATA7	822
CEP41	ARL13B	640
EXOC2	ARL13B	611
B9D2	ARL13B	618
TMEM231	ARL13B	652
IFT172	ARL13B	738
B9D1	ARL13B	712
KATNIP	ARL13B	560
CSPP1	ARL13B	616
EVC	ARL13B	404
TMEM138	ARL13B	636
CEP164	ARL13B	817
PDE6D	ARL13B	981
CEP120	ARL13B	517
TCTN2	ARL13B	692
IQCB1	ARL13B	526
IFT80	ARL13B	574
NPHP1	ARL13B	786
WDR35	ARL13B	533
C2CD3	ARL13B	592
NPHP3	ARL13B	700
EVC2	ARL13B	484
OFD1	ARL13B	662
KIAA0586	ARL13B	484
DYNC1H1	ARL13B	667
TXNDC15	ARL13B	411
AHI1	ARL13B	808
SUFU	ARL13B	496
INPP5E	ARL13B	926
RPGRIP1L	ARL13B	814
MKS1	ARL13B	688
BMP4	GPC3	683
GPC4	GPC3	647
ARID1A	FAT4	473
CEP41	KIF7	609
B9D2	KIF7	459
TMEM231	KIF7	562
TUBB2B	KIF7	832
IFT172	KIF7	578
B9D1	KIF7	518
KATNIP	KIF7	562
CSPP1	KIF7	519
TMEM138	KIF7	612
CEP164	KIF7	548
BUB1B	KIF7	571
TUBA1A	KIF7	833
BUB1	KIF7	473
TCTN2	KIF7	595
NPHP1	KIF7	594
C2CD3	KIF7	461
NPHP3	KIF7	433
EVC2	KIF7	421
OFD1	KIF7	615
KIAA0586	KIF7	469
AHI1	KIF7	625
SUFU	KIF7	980
CEP104	KIF7	500
RPGRIP1L	KIF7	603
MKS1	KIF7	494
ARL13B	KIF7	627
MYOD1	SMARCD1	416
H3-3A	SMARCD1	822
SMARCB1	SMARCD1	999
SMARCC2	SMARCD1	999
ARID1A	SMARCD1	999
SMARCE1	SMARCD1	999
ARID2	SMARCD1	996
ARID1B	SMARCD1	997
CPSF3	PPP1CB	930
SMARCB1	PPP1CB	589
ITPR1	PPP1CB	435
RAC1	PPP1CB	708
DYNC1H1	PPP1CB	425
KIF14	PPP1CB	408
BMP4	GLI3	668
IFT172	GLI3	954
ARL3	GLI3	427
EVC	GLI3	950
ZIC1	GLI3	439
PDE6D	GLI3	454
ALX4	GLI3	707
EVC2	GLI3	942
OFD1	GLI3	935
KIAA0586	GLI3	753
SUFU	GLI3	999
RPGRIP1L	GLI3	948
MKS1	GLI3	922
ARL13B	GLI3	639
KIF7	GLI3	962
ASNS	PAFAH1B1	423
FKTN	PAFAH1B1	402
TUBB2B	PAFAH1B1	655
BUB1B	PAFAH1B1	753
TUBA1A	PAFAH1B1	819
BUB1	PAFAH1B1	815
CEP120	PAFAH1B1	478
TUBB3	PAFAH1B1	519
OFD1	PAFAH1B1	700
RAC1	PAFAH1B1	930
DYNC1H1	PAFAH1B1	999
BICD2	PAFAH1B1	958
RAB3GAP2	PAFAH1B1	699
CENPF	PAFAH1B1	850
BUB3	PAFAH1B1	869
DYNC2I2	PAFAH1B1	433
TUBB2A	PAFAH1B1	428
VLDLR	PAFAH1B1	977
CEP41	TCTN1	648
B9D2	TCTN1	989
TMEM231	TCTN1	956
IFT172	TCTN1	404
B9D1	TCTN1	977
CSPP1	TCTN1	622
TMEM138	TCTN1	735
CEP164	TCTN1	598
PDE6D	TCTN1	535
TCTN2	TCTN1	915
IQCB1	TCTN1	615
NPHP1	TCTN1	835
TMEM107	TCTN1	863
C2CD3	TCTN1	501
NPHP3	TCTN1	552
OFD1	TCTN1	619
KIAA0586	TCTN1	465
AHI1	TCTN1	955
CEP104	TCTN1	428
RPGRIP1L	TCTN1	791
MKS1	TCTN1	979
ARL13B	TCTN1	702
KIF7	TCTN1	602
PMM2	ALG3	627
POMT1	ALG3	407
TUBB2B	DYNC2H1	695
IFT172	DYNC2H1	966
EVC	DYNC2H1	628
TUBA1A	DYNC2H1	691
CEP120	DYNC2H1	561
IFT80	DYNC2H1	979
WDR35	DYNC2H1	921
TUBB3	DYNC2H1	695
TUBB	DYNC2H1	695
TUBB4B	DYNC2H1	695
EVC2	DYNC2H1	607
OFD1	DYNC2H1	451
KIAA0586	DYNC2H1	572
DYNC1H1	DYNC2H1	883
BICD2	DYNC2H1	443
KIF14	DYNC2H1	456
SUFU	DYNC2H1	935
DYNC2I2	DYNC2H1	993
RPGRIP1L	DYNC2H1	462
TUBB2A	DYNC2H1	698
ARL13B	DYNC2H1	545
KIF7	DYNC2H1	501
GLI3	DYNC2H1	945
PAFAH1B1	DYNC2H1	602
THOC2	DDX3X	475
USP9X	DDX3X	851
EIF4A2	DDX3X	740
ATR	DDX3X	438
OFD1	DDX3X	465
IMPDH1	DDX3X	728
HNRNPH1	DDX3X	676
NRAS	DDX3X	456
HNRNPR	DDX3X	668
BCOR	DDX3X	498
CRX	RPGRIP1	561
TULP1	RPGRIP1	606
GUCY2D	RPGRIP1	661
RPE65	RPGRIP1	632
PDE6D	RPGRIP1	457
TCTN2	RPGRIP1	435
IQCB1	RPGRIP1	711
NPHP1	RPGRIP1	575
TMEM107	RPGRIP1	705
LRAT	RPGRIP1	556
IMPDH1	RPGRIP1	459
RD3	RPGRIP1	517
CRB1	RPGRIP1	603
AHI1	RPGRIP1	562
RPGRIP1L	RPGRIP1	951
AIPL1	RPGRIP1	807
LCA5	RPGRIP1	623
SPATA7	RPGRIP1	897
LAMB1	CDC42	906
EXOC2	CDC42	659
RAP1B	CDC42	965
KRAS	CDC42	476
PDE6D	CDC42	424
COG1	CDC42	612
TUBA1A	CDC42	895
COG8	CDC42	573
ITPR1	CDC42	736
PRKDC	CDC42	401
RAB11B	CDC42	791
TUBB	CDC42	409
MEF2C	CDC42	729
FAR1	CDC42	463
OPHN1	CDC42	710
RAC1	CDC42	906
MACF1	CDC42	415
ARHGEF2	CDC42	767
CDC42BPB	CDC42	769
CRB1	CDC42	475
PTEN	CDC42	897
MUSK	CDC42	932
LAMA1	CDC42	906
PPP1CB	CDC42	732
PAFAH1B1	CDC42	957
IFT172	DYNC2I1	886
CSPP1	DYNC2I1	559
CEP120	DYNC2I1	653
IFT80	DYNC2I1	887
WDR35	DYNC2I1	881
EVC2	DYNC2I1	623
KIAA0586	DYNC2I1	616
DYNC1H1	DYNC2I1	843
DYNC2I2	DYNC2I1	996
PAFAH1B1	DYNC2I1	403
DYNC2H1	DYNC2I1	990
FKTN	CRPPA	990
RXYLT1	CRPPA	837
POMT2	CRPPA	874
GMPPB	CRPPA	636
B4GAT1	CRPPA	621
FKRP	CRPPA	850
POMK	CRPPA	714
POMGNT2	CRPPA	810
LARGE1	CRPPA	686
B3GALNT2	CRPPA	808
POMGNT1	CRPPA	769
POMT1	CRPPA	879
CPSF3	INTS1	778
CENPF	INTS1	415
ALG3	INTS1	817
POGZ	MBD5	402
ARID1B	MBD5	451
ASXL1	MBD5	761
CEP41	TMEM237	730
B9D2	TMEM237	725
TMEM231	TMEM237	830
IFT172	TMEM237	431
B9D1	TMEM237	769
KATNIP	TMEM237	452
CSPP1	TMEM237	660
TMEM138	TMEM237	775
PDE6D	TMEM237	501
CEP120	TMEM237	477
TCTN2	TMEM237	736
IQCB1	TMEM237	517
NPHP1	TMEM237	752
TMEM107	TMEM237	757
C2CD3	TMEM237	519
NPHP3	TMEM237	564
OFD1	TMEM237	602
KIAA0586	TMEM237	459
AHI1	TMEM237	698
CEP104	TMEM237	445
RPGRIP1L	TMEM237	726
LCA5	TMEM237	451
MKS1	TMEM237	683
ARL13B	TMEM237	606
KIF7	TMEM237	612
TCTN1	TMEM237	739
FIG4	WDR81	637
L1CAM	WDR81	430
VLDLR	WDR81	772
KNL1	AFF3	431
TRIP13	NCAPG2	720
BUB1B	NCAPG2	856
BUB1	NCAPG2	886
ESCO2	NCAPG2	683
CENPF	NCAPG2	673
KIF14	NCAPG2	551
DYNC2I1	NCAPG2	571
SMARCB1	WDR73	445
EPG5	WDR73	552
SMARCE1	WDR73	428
BUB3	WDR73	480
CEP41	CPLANE1	661
B9D2	CPLANE1	603
TMEM231	CPLANE1	783
IFT172	CPLANE1	467
B9D1	CPLANE1	685
KATNIP	CPLANE1	484
CSPP1	CPLANE1	711
TMEM138	CPLANE1	748
PDE6D	CPLANE1	473
CEP120	CPLANE1	470
TCTN2	CPLANE1	686
NPHP1	CPLANE1	614
TMEM107	CPLANE1	457
C2CD3	CPLANE1	689
NPHP3	CPLANE1	467
OFD1	CPLANE1	720
KIAA0586	CPLANE1	571
AHI1	CPLANE1	662
CEP104	CPLANE1	464
RPGRIP1L	CPLANE1	672
MKS1	CPLANE1	620
ARL13B	CPLANE1	566
KIF7	CPLANE1	628
TCTN1	CPLANE1	681
TMEM237	CPLANE1	735
CEP41	TMEM67	680
B9D2	TMEM67	970
TMEM231	TMEM67	973
IFT172	TMEM67	578
B9D1	TMEM67	977
KATNIP	TMEM67	422
CSPP1	TMEM67	631
TMEM138	TMEM67	795
CEP164	TMEM67	664
CEP120	TMEM67	461
TCTN2	TMEM67	979
IQCB1	TMEM67	677
IFT80	TMEM67	537
NPHP1	TMEM67	935
TMEM107	TMEM67	889
WDR35	TMEM67	699
FKRP	TMEM67	576
C2CD3	TMEM67	511
NPHP3	TMEM67	873
OFD1	TMEM67	724
KIAA0586	TMEM67	589
TXNDC15	TMEM67	418
RAB3GAP2	TMEM67	416
AHI1	TMEM67	985
CEP104	TMEM67	486
RPGRIP1L	TMEM67	960
MKS1	TMEM67	992
ARL13B	TMEM67	821
KIF7	TMEM67	603
TCTN1	TMEM67	972
DYNC2H1	TMEM67	528
TMEM237	TMEM67	819
CPLANE1	TMEM67	711
KCNQ1	IGF2	675
BMP4	IGF2	486
MYOD1	IGF2	811
KRAS	IGF2	549
CSF1R	IGF2	673
PLG	IGF2	929
PTEN	IGF2	562
GPC3	IGF2	990
SMARCB1	CHD7	609
SMARCC2	CHD7	715
SEMA3E	CHD7	522
ARID1A	CHD7	542
SMARCE1	CHD7	677
ARID2	CHD7	755
ARID1B	CHD7	523
TRRAP	CHD7	517
PHGDH	CHD7	552
POLR3A	CHD7	401
BCOR	CHD7	420
GJB2	CHD7	459
SMARCD1	CHD7	543
GLI3	CHD7	587
BMP4	FGFR1	587
H3-3A	FGFR1	589
KRAS	FGFR1	979
SMARCB1	FGFR1	513
ARID1A	FGFR1	459
ARID1B	FGFR1	539
NRAS	FGFR1	964
L1CAM	FGFR1	836
PTEN	FGFR1	691
CDC42	FGFR1	417
IGF2	FGFR1	756
CHD7	FGFR1	581
ITPR1	PACS2	683
TOGARAM1	PACS2	442
NCAPG2	PACS2	471
SOX4	SMARCA4	417
MYOD1	SMARCA4	943
H3-3A	SMARCA4	934
KRAS	SMARCA4	522
SMARCB1	SMARCA4	999
SMARCC2	SMARCA4	999
POGZ	SMARCA4	465
PRKDC	SMARCA4	430
USP9X	SMARCA4	472
ARID1A	SMARCA4	999
SMARCE1	SMARCA4	999
MRE11	SMARCA4	434
RBM10	SMARCA4	454
ARID2	SMARCA4	999
CCDC32	SMARCA4	822
ATR	SMARCA4	597
ARID1B	SMARCA4	999
TRRAP	SMARCA4	707
PTEN	SMARCA4	488
POLR3A	SMARCA4	495
SMARCD1	SMARCA4	999
GLI3	SMARCA4	400
DDX3X	SMARCA4	489
CHD7	SMARCA4	771
H3-3A	NSD1	407
SMG9	NSD1	553
BCOR	NSD1	528
CHD7	NSD1	442
SMARCA4	NSD1	409
TRIP13	TSEN34	875
TSEN2	TSEN34	999
TSEN54	TSEN34	998
TSEN15	TSEN34	999
RARS2	TSEN34	850
SEPSECS	TSEN34	562
CEP41	CC2D2A	691
B9D2	CC2D2A	980
TMEM231	CC2D2A	951
IFT172	CC2D2A	615
ARL3	CC2D2A	421
B9D1	CC2D2A	992
KATNIP	CC2D2A	470
CSPP1	CC2D2A	629
TMEM138	CC2D2A	746
CEP164	CC2D2A	521
PDE6D	CC2D2A	522
CEP120	CC2D2A	455
TCTN2	CC2D2A	977
IQCB1	CC2D2A	718
IFT80	CC2D2A	592
NPHP1	CC2D2A	903
TMEM107	CC2D2A	875
WDR35	CC2D2A	666
FKRP	CC2D2A	538
C2CD3	CC2D2A	574
NPHP3	CC2D2A	768
EVC2	CC2D2A	429
OFD1	CC2D2A	698
KIAA0586	CC2D2A	556
RAB3GAP2	CC2D2A	463
KIF21A	CC2D2A	510
AHI1	CC2D2A	990
RPGRIP1L	CC2D2A	937
LCA5	CC2D2A	622
MKS1	CC2D2A	985
ARL13B	CC2D2A	852
KIF7	CC2D2A	614
TCTN1	CC2D2A	972
DYNC2H1	CC2D2A	511
TMEM237	CC2D2A	757
CPLANE1	CC2D2A	722
TMEM67	CC2D2A	991
B9D2	IFT74	428
IFT172	IFT74	979
ARL3	IFT74	542
IFT80	IFT74	984
WDR35	IFT74	913
NPHP3	IFT74	414
EVC2	IFT74	428
DYNC2I2	IFT74	716
RPGRIP1L	IFT74	415
ARL13B	IFT74	929
DYNC2H1	IFT74	830
DYNC2I1	IFT74	744
TULP1	IFT140	492
B9D2	IFT140	664
IFT172	IFT140	983
B9D1	IFT140	645
CEP164	IFT140	654
CEP120	IFT140	559
IQCB1	IFT140	465
IFT80	IFT140	987
NPHP1	IFT140	575
WDR35	IFT140	995
NPHP3	IFT140	427
EVC2	IFT140	537
IMPDH1	IFT140	416
KIAA0586	IFT140	518
DYNC1H1	IFT140	467
TOGARAM1	IFT140	533
CRB1	IFT140	481
AHI1	IFT140	417
DYNC2I2	IFT140	876
RPGRIP1L	IFT140	517
LCA5	IFT140	468
MKS1	IFT140	691
SPATA7	IFT140	514
ARL13B	IFT140	674
KIF7	IFT140	409
DYNC2H1	IFT140	957
DYNC2I1	IFT140	894
TMEM67	IFT140	584
CC2D2A	IFT140	679
IFT74	IFT140	963
TAF4	TAF1	999
SMARCB1	TAF1	798
SMARCC2	TAF1	460
TRRAP	TAF1	540
CHD7	TAF1	539
SMARCA4	TAF1	777
RAP1B	HRAS	731
PI4KA	HRAS	409
KRAS	HRAS	989
SMARCB1	HRAS	579
CSF1R	HRAS	953
PDE6D	HRAS	851
PRKDC	HRAS	446
TUBB3	HRAS	442
ARID1A	HRAS	768
RBM10	HRAS	444
ARID2	HRAS	583
ARID1B	HRAS	520
PLCH1	HRAS	407
RAC1	HRAS	936
NRAS	HRAS	987
PTEN	HRAS	928
ASXL1	HRAS	688
PTF1A	HRAS	518
BCOR	HRAS	529
FAT4	HRAS	408
CDC42	HRAS	637
IGF2	HRAS	566
FGFR1	HRAS	981
SMARCA4	HRAS	527
NSD1	HRAS	400
TUBB2B	KIF5A	900
ATP2B3	KIF5A	448
DPYSL5	KIF5A	424
TUBA1A	KIF5A	889
IQCB1	KIF5A	461
WASHC5	KIF5A	641
RAC1	KIF5A	633
DYNC1H1	KIF5A	720
BICD2	KIF5A	464
KIF21A	KIF5A	678
TUBB2A	KIF5A	434
PAFAH1B1	KIF5A	453
CDC42	KIF5A	645
AFF3	KIF5A	467
FKRP	RAB3GAP1	535
TBC1D20	RAB3GAP1	764
DYNC1H1	RAB3GAP1	911
BICD2	RAB3GAP1	900
RAB3GAP2	RAB3GAP1	999
POLR3A	RAB3GAP1	428
PAFAH1B1	RAB3GAP1	716
TMEM67	RAB3GAP1	519
CC2D2A	RAB3GAP1	565
KCNQ1	CDKN1C	689
MYOD1	CDKN1C	861
PTEN	CDKN1C	476
GPC3	CDKN1C	551
IGF2	CDKN1C	733
SMARCA4	CDKN1C	437
TRIP13	HYLS1	467
B9D2	HYLS1	523
B9D1	HYLS1	543
SASS6	HYLS1	422
C2CD3	HYLS1	467
MKS1	HYLS1	559
DPH2	SLC35A2	586
B4GALT1	SLC35A2	671
COQ4	FDXR	457
WLS	EBP	499
DHCR7	EBP	813
KCNQ1	FTO	637
RPGRIP1L	FTO	756
EPG5	ROBO1	677
SEMA3E	ROBO1	519
RAC1	ROBO1	918
CNTNAP2	ROBO1	593
CDC42	ROBO1	948
FIG4	NEK1	443
IFT172	NEK1	537
KATNIP	NEK1	420
CEP120	NEK1	529
IQCB1	NEK1	610
IFT80	NEK1	637
NPHP1	NEK1	625
WDR35	NEK1	608
NPHP3	NEK1	625
EVC2	NEK1	561
KIAA0586	NEK1	527
BICD2	NEK1	439
DYNC2I2	NEK1	605
CEP104	NEK1	769
RPGRIP1L	NEK1	721
SPATA7	NEK1	535
DYNC2H1	NEK1	913
DYNC2I1	NEK1	676
TMEM67	NEK1	693
IFT140	NEK1	561
KIF5A	NEK1	498
PSAT1	MAGEL2	445
IGF2	MAGEL2	444
CDKN1C	MAGEL2	491
B9D2	TMEM218	504
TMEM231	TMEM218	477
B9D1	TMEM218	597
TMEM138	TMEM218	505
TCTN2	TMEM218	493
TMEM107	TMEM218	561
RBM10	TMEM218	449
RPGRIP1L	TMEM218	470
MKS1	TMEM218	463
TMEM237	TMEM218	519
TMEM67	TMEM218	525
CC2D2A	TMEM218	459
SMARCB1	DPF2	996
SMARCC2	DPF2	996
ARID1A	DPF2	996
SMARCE1	DPF2	996
ARID2	DPF2	835
ARID1B	DPF2	986
SMARCD1	DPF2	996
SMARCA4	DPF2	998
GOT2	MDH1	978
ACY1	MDH1	563
CEP41	TMEM216	692
B9D2	TMEM216	981
TMEM231	TMEM216	964
IFT172	TMEM216	510
B9D1	TMEM216	988
CSPP1	TMEM216	656
TMEM138	TMEM216	846
CEP164	TMEM216	471
PDE6D	TMEM216	443
CEP120	TMEM216	459
TCTN2	TMEM216	972
IQCB1	TMEM216	578
IFT80	TMEM216	535
NPHP1	TMEM216	863
TMEM107	TMEM216	943
WDR35	TMEM216	434
C2CD3	TMEM216	556
NPHP3	TMEM216	780
EVC2	TMEM216	450
OFD1	TMEM216	701
KIAA0586	TMEM216	534
AHI1	TMEM216	956
CEP104	TMEM216	438
RPGRIP1L	TMEM216	876
MKS1	TMEM216	983
ARL13B	TMEM216	782
KIF7	TMEM216	603
TCTN1	TMEM216	963
RPGRIP1	TMEM216	700
TMEM237	TMEM216	773
CPLANE1	TMEM216	796
TMEM67	TMEM216	987
CC2D2A	TMEM216	981
IFT140	TMEM216	408
TMEM218	TMEM216	459
LAMB1	DAG1	958
FKTN	DAG1	872
RXYLT1	DAG1	674
POMT2	DAG1	986
RAPSN	DAG1	994
GMPPB	DAG1	691
B4GAT1	DAG1	597
FKRP	DAG1	872
POMK	DAG1	967
POMGNT2	DAG1	968
DOK7	DAG1	452
LARGE1	DAG1	689
RAC1	DAG1	903
B3GALNT2	DAG1	966
POMGNT1	DAG1	985
POMT1	DAG1	987
MUSK	DAG1	651
LAMA1	DAG1	996
CDC42	DAG1	916
CRPPA	DAG1	629
ROBO1	DAG1	771
MAST1	APC2	423
DCHS1	APC2	560
DHCR7	MVK	794
CRPPA	MVK	762
EBP	MVK	536
TMEM107	AP1S2	416
OPHN1	AP1S2	420
L1CAM	AP1S2	499
SLC18A3	AP1S2	565
BCOR	AP1S2	521
WDR81	AP1S2	566
RAB3GAP1	AP1S2	596
ASNS	CEP290	414
CRX	CEP290	664
CEP41	CEP290	605
TULP1	CEP290	716
KCNJ13	CEP290	478
B9D2	CEP290	935
GUCY2D	CEP290	739
TMEM231	CEP290	926
IFT172	CEP290	640
ARL3	CEP290	534
B9D1	CEP290	964
CSPP1	CEP290	762
RPE65	CEP290	759
TMEM138	CEP290	720
CEP164	CEP290	793
SASS6	CEP290	488
PDE6D	CEP290	534
CEP120	CEP290	472
TCTN2	CEP290	952
IQCB1	CEP290	998
IFT80	CEP290	579
NPHP1	CEP290	940
TMEM107	CEP290	859
WDR35	CEP290	404
PIBF1	CEP290	523
C2CD3	CEP290	502
LRAT	CEP290	612
NPHP3	CEP290	846
OFD1	CEP290	808
IMPDH1	CEP290	608
KIAA0586	CEP290	686
TOPORS	CEP290	408
RD3	CEP290	648
CRB1	CEP290	720
AHI1	CEP290	987
INPP5E	CEP290	510
NMNAT1	CEP290	549
CEP104	CEP290	550
RPGRIP1L	CEP290	971
AIPL1	CEP290	746
LCA5	CEP290	799
MKS1	CEP290	976
SPATA7	CEP290	760
ARL13B	CEP290	854
KIF7	CEP290	581
TCTN1	CEP290	949
DYNC2H1	CEP290	573
RPGRIP1	CEP290	694
TMEM237	CEP290	704
CPLANE1	CEP290	660
TMEM67	CEP290	985
CC2D2A	CEP290	996
IFT74	CEP290	522
IFT140	CEP290	633
NEK1	CEP290	436
TMEM218	CEP290	432
TMEM216	CEP290	968
CPSF3	NUP37	918
COG1	NUP37	482
NPHP1	NUP37	512
GEMIN4	NUP37	902
POLR1A	BRF1	459
POLR3A	BRF1	951
TAF1	BRF1	439
CRX	RDH12	710
TULP1	RDH12	805
KCNJ13	RDH12	477
GUCY2D	RDH12	756
RPE65	RDH12	824
IQCB1	RDH12	650
LRAT	RDH12	975
IMPDH1	RDH12	724
TOPORS	RDH12	524
RD3	RDH12	688
CRB1	RDH12	805
NMNAT1	RDH12	578
AIPL1	RDH12	815
LCA5	RDH12	769
SPATA7	RDH12	799
RPGRIP1	RDH12	557
IFT140	RDH12	425
CEP290	RDH12	694
EXOC2	MAPKAPK5	548
GEMIN4	MAPKAPK5	562
IMPDH1	MAPKAPK5	461
CCDC32	CCDC32	543
LNPK	RFX7	580
SOX4	ZEB2	436
KRAS	ZEB2	490
MEF2C	ZEB2	538
PTEN	ZEB2	669
FOXC1	ZEB2	469
HRAS	ZEB2	487
TUBB2B	ADGRG1	515
TUBA1A	ADGRG1	468
SRPX2	ADGRG1	493
PAFAH1B1	ADGRG1	467
BMP4	ZNF423	402
TMEM231	ZNF423	438
TMEM138	ZNF423	429
CEP164	ZNF423	507
NPHP1	ZNF423	450
OFD1	ZNF423	407
AHI1	ZNF423	409
EBF3	ZNF423	442
RPGRIP1L	ZNF423	418
GLI3	ZNF423	448
TMEM237	ZNF423	414
CPLANE1	ZNF423	408
TMEM67	ZNF423	400
TMEM216	ZNF423	407
CEP290	ZNF423	671
TUBB2B	MAN2C1	416
B3GALNT2	MAN2C1	522
B4GALT1	MAN2C1	480
CPSF3	NUP88	913
GEMIN4	NUP88	904
DDX3X	NUP88	775
NUP37	NUP88	857
CPSF3	RBM8A	678
THOC2	RBM8A	683
DPH1	RBM8A	842
SMG9	RBM8A	746
EIF4A2	RBM8A	464
HNRNPH1	RBM8A	552
PHGDH	RBM8A	414
RNF113A	RBM8A	681
MPL	RBM8A	563
GLI3	RBM8A	459
DDX3X	RBM8A	516
SMARCA4	RBM8A	487
NUP37	RBM8A	628
NUP88	RBM8A	607
ROBO1	SEMA6B	487
TBC1D20	RAB18	714
DYNC1H1	RAB18	908
BICD2	RAB18	901
RAB3GAP2	RAB18	933
PAFAH1B1	RAB18	683
RAB3GAP1	RAB18	960
B9D2	CBY1	528
B9D1	CBY1	558
CEP164	CBY1	638
PACS1	CBY1	430
C2CD3	CBY1	537
OFD1	CBY1	480
AHI1	CBY1	551
MKS1	CBY1	436
ARL13B	CBY1	487
TMEM237	CBY1	464
PACS2	CBY1	453
CEP290	CBY1	579
POLR1A	TMCO1	403
DENND5A	TMCO1	414
FOXC1	TMCO1	502
GRM1	GRIA3	670
PPP1CB	GRIA3	632
KIF5A	GRIA3	870
ASXL3	PCGF2	601
BUB1B	PCGF2	720
ASXL1	PCGF2	913
BCOR	PCGF2	555
CEP41	TCTN3	679
B9D2	TCTN3	942
TMEM231	TCTN3	765
IFT172	TCTN3	527
B9D1	TCTN3	957
KATNIP	TCTN3	539
CSPP1	TCTN3	719
TMEM138	TCTN3	732
PDE6D	TCTN3	503
CEP120	TCTN3	562
TCTN2	TCTN3	890
IQCB1	TCTN3	508
NPHP1	TCTN3	691
TMEM107	TCTN3	537
C2CD3	TCTN3	609
NPHP3	TCTN3	519
OFD1	TCTN3	601
KIAA0586	TCTN3	586
AHI1	TCTN3	928
CEP104	TCTN3	505
RPGRIP1L	TCTN3	686
MKS1	TCTN3	971
ARL13B	TCTN3	604
KIF7	TCTN3	560
TCTN1	TCTN3	886
DYNC2I1	TCTN3	408
TMEM237	TCTN3	726
CPLANE1	TCTN3	743
TMEM67	TCTN3	941
CC2D2A	TCTN3	951
TMEM216	TCTN3	958
CEP290	TCTN3	685
CSPP1	ARMC9	625
DPH1	ARMC9	581
TXNDC15	ARMC9	630
TOGARAM1	ARMC9	541
DPH5	ARMC9	486
CEP104	ARMC9	638
